workerid,proliferate.condition,time_in_minutes,error
12,condition1,4.6295166666666665,
14,condition1,9.516283333333334,
15,condition1,10.491633333333333,
13,condition1,8.982016666666667,
