workerid,proliferate.condition,time_in_minutes,error
470,List2,30.312683333333332,
468,List2,17.5628,
472,List2,21.070966666666667,
467,List1,13.289966666666666,
471,List1,19.84535,
469,List1,30.0086,
